Questions;Answers;Labels
Apa artinya memiliki penyakit atau gangguan mental?;Penyakit mental adalah kondisi kesehatan yang mengganggu pikiran, emosi, hubungan, dan fungsi sehari-hari seseorang. Penyakit mental termasuk dalam rangkaian keparahan: beberapa cukup ringan dan hanya mengganggu beberapa aspek kehidupan, seperti fobia tertentu. Di ujung lain spektrum terletak penyakit mental yang serius, yang mengakibatkan gangguan fungsional utama dan gangguan dalam kehidupan sehari-hari. Ini termasuk gangguan seperti depresi berat, skizofrenia, dan gangguan bipolar, dan mungkin mengharuskan orang tersebut menerima perawatan di rumah sakit. Penyakit mental dapat diobati dengan kombinasi obat-obatan dan dukungan sosial. Perawatan ini sangat efektif, dengan 70-90 persen individu yang menerima perawatan mengalami pengurangan gejala dan peningkatan kualitas hidup. Dengan penanganan yang tepat, sangat memungkinkan bagi pengidap gangguan jiwa untuk bisa mandiri dan sukses.;definisi
Siapa saja yang dapat terkena penyakit atau gangguan mental?;Berdasarkan Sistem Registrasi Sampel yang dilakukan Badan Litbangkes tahun 2016, diperoleh data bunuh diri pertahun sebanyak 1.800 orang atau setiap hari ada 5 orang melakukan bunuh diri, serta 47,7% korban bunuh diri adalah pada usia 10-39 tahun yang merupakan usia anak remaja dan usia produktif. Masalah kesehatan jiwa di Indonesia terkait dengan masalah tingginya prevalensi orang dengan gangguan jiwa. Untuk saat ini Indonesia memiliki prevalensi orang dengan gangguan jiwa sekitar 1 dari 5 penduduk, artinya sekitar 20% populasi di Indonesia itu mempunyai potensi-potensi masalah gangguan jiwa.;mempengaruhi_siapa
Apa yang menyebabkan terjadinya penyakit atau gangguan mental?;Penyebab gangguan mental belum diketahui secara pasti. Namun, kondisi ini diketahui terkait dengan faktor biologis dan psikologis. Faktor biologis (atau disebut juga gangguan mental organik) yang dapat menyebabkan gangguan mental antara lain gangguan pada fungsi sel saraf di otak, infeksi bakteri, kelainan bawaan atau cedera pada otak, kerusakan otak akibat terbentur atau kecelakaan, adanya riwayat gangguan mental dalam keluarga, kekurangan nutrisi, penyalahgunaan NAPZA dalam jangka panjang, dan sebagainya. Adapun faktor psikologis yang dapat menyebabkan gangguan mental antara lain peristiwa traumatik, rasa kehilangan, kurangnya kemampuan bergaul dengan orang lain, perceraian, putus hubungan, ditinggalkan orang yang disayangi, perasaan rendah diri, perasaan tidak mampu, dan kesepian.;penyebab
Apa saja gejala-gejala penanda penyakit mental?;"Gejala gangguan kesehatan mental sangat bervariasi tergantung pada jenis dan tingkat keparahan kondisinya. Berikut ini adalah daftar gejala umum yang mungkin menunjukkan gangguan kesehatan mental, terutama ketika beberapa gejala diekspresikan sekaligus.
Pada orang dewasa:
Pikiran bingung
Kesedihan atau lekas marah yang bertahan lama
Suasana tertinggi dan terendah yang ekstrem
Ketakutan, kekhawatiran, atau kecemasan yang berlebihan
Penarikan sosial
Perubahan dramatis dalam kebiasaan makan atau tidur
Perasaan marah yang kuat
Delusi atau halusinasi (melihat atau mendengar hal-hal yang sebenarnya tidak ada)
Meningkatkan ketidakmampuan untuk mengatasi masalah dan aktivitas sehari-hari
Pikiran untuk bunuh diri
Penolakan masalah yang jelas
Banyak masalah fisik yang tidak dapat dijelaskan
Penyalahgunaan obat-obatan dan/atau alkohol

Pada anak yang lebih besar dan pra-remaja:
Penyalahgunaan obat-obatan dan/atau alkohol
Ketidakmampuan untuk mengatasi masalah dan aktivitas sehari-hari
Perubahan kebiasaan tidur dan/atau makan
Keluhan masalah fisik yang berlebihan
Menentang otoritas, bolos sekolah, mencuri, atau merusak properti
Ketakutan yang intens untuk menambah berat badan
Suasana hati negatif yang bertahan lama, seringkali disertai dengan nafsu makan yang buruk dan pikiran tentang kematian
Ledakan kemarahan yang sering terjadi

Pada anak yang lebih kecil:
Perubahan kinerja sekolah
Nilai buruk meskipun ada upaya keras
Kekhawatiran atau kecemasan yang berlebihan
Hiperaktif
Mimpi buruk yang terus-menerus
Ketidaktaatan yang terus-menerus dan/atau perilaku agresif
Sering marah-marah";definisi
Apakah penderita gangguan mental bisa sembuh?;Penderita gangguan mental tentu saja bisa sembuh. Namun mereka harus menjalani serangkaian pengobatan terlebih dahulu sesuai kondisi yang dialami. Pengobatan gangguan jiwa dilakukan tergantung pada jenis gangguan yang muncul serta seberapa parah kondisi pengidapnya. Gangguan jiwa umumnya ditangani dengan pemberian obat-obatan dan terapi perilaku kognitif. Pada beberapa kondisi, pengidap gangguan jiwa juga akan disarankan untuk melakukan perubahan gaya hidup menjadi lebih sehat.;definisi
Apa yang harus saya lakukan jika saya mengenal seseorang yang tampaknya memiliki gejala gangguan mental?;Kami menyarankan mereka yang memiliki gejala berbicara dengan teman dan anggota keluarga mereka dan mencari nasihat dari profesional kesehatan mental. Semakin cepat kondisi kesehatan mental diidentifikasi dan diobati, maka semakin cepat mereka dapat sembuh. Jika Anda mengenal seseorang yang sedang mengalami masalah, jangan berasumsi bahwa masalah tersebut akan selesai dengan sendirinya. Beri tahu mereka bahwa Anda peduli dengan mereka, dan ada pilihan perawatan yang bisa membantu mereka sembuh. Bicaralah dengan profesional kesehatan mental atau konselor jika menurut Anda teman atau anggota keluarga Anda mengalami gejala kondisi kesehatan mental. Jika orang terkasih yang memiliki gejala tahu bahwa Anda mendukung mereka, mereka akan lebih mungkin mencari bantuan.;cari_bantuan
Bagaimana saya bisa menemukan profesional kesehatan mental untuk diri saya atau anak saya?;Kenyamanan dengan tenaga profesional yang bekerja dengan Anda atau anak Anda sangat penting untuk keberhasilan perawatan. Menemukan profesional yang paling sesuai dengan kebutuhan Anda mungkin memerlukan penelitian, dan bisa dimulai dengan mencarinya di wilayah Anda.;profesional_yang_benar
Pilihan pengobatan apa saja yang tersedia untuk penderita penyakit mental?;Sama seperti ada berbagai jenis obat untuk penyakit fisik, pilihan pengobatan yang berbeda tersedia untuk individu dengan penyakit mental. Perawatan bekerja secara berbeda untuk orang yang berbeda. Penting untuk menemukan apa yang paling cocok untuk Anda.;pilihan_pengobatan
Jika saya terlibat dalam perawatan, apa yang perlu saya ketahui?;"Karena memulai perawatan adalah langkah besar bagi individu dan keluarga, itu bisa sangat melelahkan. Penting untuk terlibat dan terlibat dalam proses perawatan sebanyak mungkin. Beberapa pertanyaan yang perlu Anda jawab meliputi:
Apa yang diketahui tentang penyebab penyakit khusus ini?
Apakah ada diagnosis lain di mana gejala-gejala ini biasa terjadi?
Apakah Anda biasanya menyertakan pemeriksaan fisik atau neurologis?
Apakah ada tes atau ujian tambahan yang akan Anda rekomendasikan saat ini?
Apakah Anda akan menyarankan pendapat independen dari psikiater lain pada saat ini?
Program pengobatan apa yang paling membantu dengan diagnosis ini?
Apakah program ini akan melibatkan layanan dari spesialis lain? Jika demikian, siapa yang akan bertanggung jawab untuk mengoordinasikan layanan ini?
Apa yang Anda lihat sebagai peran keluarga dalam program pengobatan ini?
Berapa banyak akses yang dimiliki keluarga terhadap individu yang memberikan perawatan?
Obat apa yang biasanya digunakan untuk diagnosis ini?
Berapa banyak pengalaman yang Anda miliki dalam merawat individu dengan penyakit ini?
Apa yang bisa saya lakukan untuk membantu Anda dalam perawatan?";langkah_langkah
Apa saja perbedaan para tenaga profesional kesehatan mental?;Ada banyak jenis profesional kesehatan mental. Berbagai penyedia dan layanan mereka mungkin membingungkan. Masing-masing memiliki berbagai tingkat pendidikan, pelatihan, dan mungkin memiliki bidang keahlian yang berbeda. Menemukan profesional yang paling sesuai dengan kebutuhan Anda mungkin memerlukan beberapa penelitian.;jenis_profesional
Bagaimana saya dapat menemukan tenaga profesional kesehatan mental untuk anak saya atau diri sendiri?;Kenyamanan dengan tenaga profesional yang bekerja dengan Anda atau anak Anda sangat penting untuk keberhasilan perawatan. Menemukan profesional yang paling sesuai dengan kebutuhan Anda mungkin memerlukan penelitian, dan bisa dimulai dengan mencarinya di wilayah Anda.;cari_bantuan
Jika saya terlibat dalam perawatan, apa yang perlu saya ketahui?;"Karena memulai perawatan adalah langkah besar bagi individu dan keluarga, itu bisa sangat melelahkan. Penting untuk terlibat dan terlibat dalam proses perawatan sebanyak mungkin. Beberapa pertanyaan yang perlu Anda jawab meliputi:
Apa yang diketahui tentang penyebab penyakit khusus ini?
Apakah ada diagnosis lain di mana gejala-gejala ini biasa terjadi?
Apakah Anda biasanya menyertakan pemeriksaan fisik atau neurologis?
Apakah ada tes atau ujian tambahan yang akan Anda rekomendasikan saat ini?
Apakah Anda akan menyarankan pendapat independen dari psikiater lain pada saat ini?
Program pengobatan apa yang paling membantu dengan diagnosis ini?
Apakah program ini akan melibatkan layanan dari spesialis lain? Jika demikian, siapa yang akan bertanggung jawab untuk mengoordinasikan layanan ini?
Apa yang Anda lihat sebagai peran keluarga dalam program pengobatan ini?
Berapa banyak akses yang dimiliki keluarga terhadap individu yang memberikan perawatan?
Obat apa yang biasanya digunakan untuk diagnosis ini?
Berapa banyak pengalaman yang Anda miliki dalam merawat individu dengan penyakit ini?
Apa yang bisa saya lakukan untuk membantu Anda dalam perawatan?";langkah_langkah
Di mana lagi saya bisa mendapatkan pertolongan?;Ke mana Anda mencari bantuan akan bergantung pada sifat masalah dan/atau gejala dan apa yang paling cocok untuk Anda. Seringkali, tempat terbaik untuk memulai adalah dengan berbicara dengan seseorang yang Anda percayai tentang kekhawatiran Anda, seperti anggota keluarga, teman, pendeta, penyedia layanan kesehatan, atau profesional lainnya. Memiliki dukungan sosial ini sangat penting dalam penyembuhan penyakit mental, dan Anda akan dapat meminta rujukan atau rekomendasi untuk praktisi kesehatan mental tepercaya. Cari sumber daya kesehatan mental di daerah Anda.;cari_bantuan
Apa yang harus saya ketahui sebelum memulai pengobatan baru?;Sumber informasi terbaik mengenai obat adalah dokter yang meresepkannya. Ia harus dapat menjawab pertanyaan-pertanyaan seperti: 1. Apa yang seharusnya dilakukan oleh obat tersebut? 2. Kapan mulai berlaku, dan bagaimana saya tahu kapan itu efektif? 3. Bagaimana cara minum obat dan berapa lama? Makanan, minuman, obat lain, dan aktivitas apa yang harus dihindari selama minum obat ini? 4. Apa efek sampingnya dan apa yang harus dilakukan jika terjadi? 5. Apa yang harus saya lakukan jika satu dosis terlewat? 6. Apakah ada informasi tertulis yang tersedia tentang obat ini? 7. Apakah ada obat lain yang mungkin sesuai? 8. Jika ya, mengapa Anda lebih memilih yang Anda pilih? 9. Bagaimana Anda memantau pengobatan dan gejala apa yang mengindikasikan bahwa obat tersebut harus dinaikkan, diturunkan, atau diubah? 10. Semua obat harus diminum sesuai petunjuk. Sebagian besar obat untuk penyakit mental tidak berfungsi jika diminum secara tidak teratur, dan dosis tambahan dapat menyebabkan efek samping yang parah dan terkadang berbahaya. Banyak obat psikiatri mulai memiliki efek yang menguntungkan hanya setelah dikonsumsi selama beberapa minggu.;penyembuhan
"Jika saya merasa lebih baik setelah minum obat, apakah ini berarti saya ""sembuh"" dan dapat berhenti meminumnya?";Tidak jarang orang berhenti minum obat ketika mereka merasa gejalanya terkendali. Orang lain mungkin memilih untuk berhenti minum obat karena efek sampingnya, tanpa menyadari bahwa sebagian besar efek samping dapat dikelola secara efektif. Meskipun mungkin tampak masuk akal untuk berhenti minum obat, masalahnya adalah paling sering, gejalanya akan kembali. Jika Anda atau anak Anda sedang minum obat, sangat penting bagi Anda untuk bekerja sama dengan dokter Anda sebelum membuat keputusan tentang perubahan apa pun dalam perawatan Anda. Masalah lain dengan menghentikan pengobatan, terutama untuk menghentikannya secara tiba-tiba, adalah Anda mungkin mengalami gejala putus obat. itu bisa sangat tidak menyenangkan. Jika Anda dan dokter Anda merasa uji coba obat Anda adalah ide yang baik, perlu untuk mengurangi dosis obat secara perlahan agar gejala ini tidak terjadi. Penting bagi dokter dan apoteker Anda untuk bekerja sama untuk memastikan obat Anda bekerja dengan aman dan efektif. Anda harus berbicara dengan mereka tentang apa yang Anda lakukan dan jika ada efek samping yang membuat Anda tidak mau melanjutkan pengobatan. Mereka akan bekerja dengan Anda untuk mengembangkan strategi untuk meminimalkan efek samping ini, atau akan membuat rencana untuk beralih ke pengobatan lain yang lebih cocok.;penyembuhan
Bagaimana saya bisa mendapatkan bantuan untuk membayar obat saya?;Beberapa perusahaan farmasi menawarkan program bantuan resep kepada individu dan keluarga dengan kebutuhan keuangan, sementara yang lain menawarkan kartu diskon obat khusus. Program-program ini biasanya memerlukan persetujuan dokter dan bukti status keuangan Anda. Mereka mungkin juga mengharuskan Anda tidak memiliki asuransi kesehatan atau tidak mendapatkan manfaat obat resep melalui asuransi kesehatan Anda. Selain itu, ada program resep yang mungkin memenuhi syarat untuk Anda.;cari_bantuan
Ke mana saya bisa pergi untuk mencari terapi?;Berbagai jenis terapi lebih efektif berdasarkan sifat kondisi dan/atau gejala kesehatan mental dan orang yang mengalaminya (misalnya, anak-anak akan mendapat manfaat dari terapis yang berspesialisasi dalam kesehatan mental anak-anak). Namun, ada beberapa jenis perawatan dan terapi yang dapat membantu.;cari_bantuan
Di mana saya bisa belajar tentang jenis perawatan kesehatan mental?;Kondisi kesehatan mental sering diobati dengan pengobatan, terapi atau kombinasi keduanya. Namun, ada banyak jenis perawatan yang tersedia, termasuk Perawatan Pelengkap & Alternatif, rencana swadaya, dan dukungan sebaya. Perawatan sangat pribadi dan harus didiskusikan oleh orang dengan kondisi kesehatan mental dan timnya.;pilihan_pengobatan
Apa saja jenis-jenis profesional kesehatan mental?;Ada banyak jenis profesional kesehatan mental, antara lain psikiater, psikolog, konselor, perawat psikiatri, dan terapis. Menemukan yang tepat untuk Anda mungkin memerlukan beberapa penelitian.;jenis_profesional
Di mana saya dapat mencari kelompok pendukung?;Banyak orang menganggap dukungan sebaya sebagai alat yang berguna yang dapat membantu pemulihan mereka. Ada berbagai organisasi yang menawarkan kelompok pendukung untuk konsumen, anggota keluarga dan teman mereka. Beberapa kelompok pendukung dipimpin oleh rekan sebaya, sementara yang lain mungkin dipimpin oleh seorang profesional kesehatan mental.;cari_bantuan
Ke mana saya bisa mencari perawatan rawat inap?;Jika Anda atau seseorang yang Anda kenal berada dalam krisis, perawatan rawat inap dapat membantu. Perawatan rawat inap dapat membantu orang menstabilkan pengobatan baru, menyesuaikan diri dengan gejala baru, atau mendapatkan bantuan yang mereka butuhkan.;cari_bantuan
Di mana saya dapat mencari layanan lokal lainnya?;Kemungkinan ada banyak sumber daya yang dapat digunakan untuk membantu Anda menemukan perawatan kesehatan mental di komunitas Anda. Sumber daya ini dapat membantu Anda menemukan terapis yang tepat, dan memungkinkan Anda untuk lebih memahami pilihan pengobatan yang layak dan proses pengobatan.;cari_bantuan
Di mana saya dapat mempelajari informasi lebih lanjut tentang uji klinis?;"Kemungkinan ada banyak sumber daya yang dapat digunakan untuk membantu Anda menemukan perawatan kesehatan mental di komunitas Anda. Sumber daya ini dapat membantu Anda menemukan terapis yang tepat, dan memungkinkan Anda untuk lebih memahami pilihan pengobatan yang layak dan proses pengobatan.
Kadang-kadang, konsumen layanan kesehatan mental dapat mempertimbangkan untuk berpartisipasi dalam studi penelitian ketika mereka tidak mengalami perbaikan meskipun telah mencoba berbagai pengobatan dan perawatan. Studi penelitian (juga dikenal sebagai uji klinis) mungkin melibatkan penggunaan obat baru atau pendekatan pengobatan baru yang keamanan dan efektivitasnya sedang diuji. Meskipun kami mendukung inovasi di lapangan, konsumen harus diperingatkan bahwa ada risiko yang terkait dengan uji klinis, pastikan Anda mengetahuinya sebelum mendaftar.";cari_bantuan
Di mana saya dapat mempelajari informasi lebih lanjut tentang membuat Petunjuk Lanjutan Psikiatri?;Mirip dengan petunjuk kemajuan medis atau surat kuasa perawatan kesehatan, petunjuk kemajuan psikiatris adalah dokumen hukum yang diselesaikan pada saat kesehatan yang memberikan instruksi mengenai perawatan atau layanan yang ingin dimiliki atau tidak dimiliki seseorang selama krisis kesehatan mental, dan dapat membantu mempengaruhi perawatannya.;cari_bantuan
Apa itu kesehatan mental?;Kesehatan mental adalah kondisi ketika batin dan watak manusia dalam keadaan normal, tenteram, dan tenang, sehingga dapat menjalankan aktivitas dan menikmati kehidupan sehari-hari. Kita semua memiliki kesehatan mental yang terdiri dari keyakinan, pikiran, perasaan, dan perilaku kita.;definisi
Apa yang harus saya lakukan jika dukungan tidak membantu?;Mungkin sulit untuk menemukan hal-hal yang akan membantu Anda, karena hal-hal yang berbeda membantu orang yang berbeda. Sangat penting untuk terbuka terhadap berbagai pendekatan dan berkomitmen untuk menemukan bantuan yang tepat dan terus berharap, bahkan ketika beberapa hal tidak berhasil.;cari_bantuan
Bisakah Anda mencegah masalah kesehatan mental?;Kita semua dapat menderita tantangan kesehatan mental, tetapi mengembangkan kesejahteraan, ketahanan, dan mencari bantuan sejak dini dapat membantu mencegah tantangan tersebut menjadi serius.;tips_pengobatan
Apakah ada obat untuk masalah kesehatan mental?;Seringkali lebih realistis dan membantu untuk mengetahui apa yang membantu masalah yang Anda hadapi. Mengobrol, konseling, pengobatan, persahabatan, olahraga, nutrisi dan tidur yang baik, serta pekerjaan yang berarti semuanya dapat membantu.;tips_pengobatan
Apa yang menyebabkan masalah kesehatan mental?;Tantangan atau masalah dengan kesehatan mental Anda dapat muncul dari masalah psikologis, biologis, dan sosial, serta peristiwa yang dialami dalam kehidupan.;penyebab
Apa yang harus saya lakukan jika saya khawatir dengan kesehatan mental saya?;Yang paling penting adalah berbicara dengan seseorang yang Anda percayai, mungkin bisa teman, kolega, anggota keluarga, atau dokter umum. Selain berbicara dengan seseorang, mungkin berguna untuk mengetahui lebih banyak informasi tentang apa yang Anda alami. Hal-hal ini dapat membantu untuk mendapatkan beberapa perspektif tentang apa yang Anda alami, dan menjadi awal untuk mendapatkan bantuan yang tepat.;langkah_langkah
Bagaimana saya tahu jika saya tidak sehat?;Jika keyakinan, pikiran, perasaan, atau perilaku Anda memiliki dampak signifikan pada kemampuan Anda untuk berkegiatan dengan cara yang mungkin dianggap normal atau biasa, penting untuk mencari bantuan.;langkah_langkah
Apa yang harus saya lakukan jika saya khawatir tentang teman atau kerabat?;Ini mungkin tergantung pada hubungan Anda dengan mereka. Mendorong seseorang dengan lembut untuk mencari dukungan yang tepat akan sangat membantu untuk memulai.;langkah_langkah
Bagaimana saya menghadapi seseorang yang memberi tahu saya apa yang harus saya lakukan?;Beberapa orang mungkin menyarankan Anda tentang bukti yang baik tentang apa yang berhasil dengan niat terbaik, tetapi penting untuk mengetahui apa yang terbaik untuk Anda.;langkah_langkah
Mengapa saya perlu terus mendapat informasi?;"Mungkin sangat menggoda untuk mencoba memblokir dunia sama sekali untuk menghindari berita buruk, tetapi penting untuk tetap memberi tahu diri Anda sendiri. Kita semua harus melangkah selama pandemi karena kita semua memiliki peran untuk dimainkan dalam mengurangi penyebaran virus. Penting bagi Anda untuk mengetahui apa yang harus dilakukan dan bagaimana Anda harus melakukannya. Ini penting untuk kesehatan tetangga Anda dan kesehatan mental Anda sendiri, dan mengambil tindakan dapat membantu mengatasi perasaan sulit seperti keputusasaan.
Satu studi dari orang-orang di China menemukan bahwa orang-orang yang memiliki informasi terkini yang dapat diandalkan tentang virus corona dan penyakit COVID-19 dan instruksi yang akurat tentang bagaimana mereka harus bertindak (seperti instruksi tentang mencuci tangan dan memakai masker) merasa lebih tahan banting. dan merasa lebih mampu menangani virus. Orang yang menerima informasi yang baik dan akurat melaporkan tingkat stres, kecemasan, dan depresi yang lebih rendah. Penelitian ini tersedia gratis di www.mdpi.com/1660-4601/17/5/1729.
Tentu saja, tidak apa-apa untuk menetapkan batasan. Tetap terinformasi tidak berarti Anda harus mengikuti berita sepanjang hari. Periksa beberapa kali sehari, tetap berpegang pada sumber dan outlet media tepercaya. Sementara media sosial dapat menjadi cara yang bagus untuk tetap berhubungan dengan keluarga dan teman, media sosial juga dapat memperkuat nasihat buruk, cerita yang tidak jelas atau tidak benar, dan informasi tidak membantu lainnya. Pastikan untuk menggunakan keterampilan berpikir kritis yang baik.";tips_pengobatan
Bagaimana saya bisa tahu apakah informasi kesehatan itu baik atau buruk?;Siapa pun dapat memposting apa pun secara online. Terserah pembaca untuk berpikir kritis tentang informasi untuk memutuskan apakah itu membantu, jujur, atau aman. Berikut adalah poin penting yang perlu diingat saat Anda menentukan informasi mana yang layak dipertimbangkan dan mana yang tidak. Sangat mudah untuk menyebarkan informasi secara online, dan kita tidak dapat berasumsi bahwa sumber yang kita baca atau tonton adalah sumber aslinya. Sebelum Anda dapat mengevaluasi apa pun, Anda perlu tahu dari mana klaim itu berasal dan menentukan apakah itu sumber yang dapat dipercaya.;langkah_langkah
Mengapa saya membutuhkan rencana?;Ada banyak hal yang tidak dapat Anda kendalikan. Anda tidak dapat mengendalikan apa yang terjadi selanjutnya, bagaimana pemerintah merespons, atau bagaimana tetangga Anda bereaksi terhadap pandemi. Yang dapat Anda lakukan adalah membuat rencana dan memutuskan bagaimana Anda akan mengelolanya. hal-hal yang Anda kendalikan, seperti kemampuan Anda untuk tetap aman, mengikuti langkah-langkah kesehatan masyarakat, tetap terhubung dengan orang-orang terkasih, dan menjaga kesehatan mental dan fisik Anda. Peristiwa seperti pandemi banyak berubah dari waktu ke waktu, dan ketidakpastian itu dapat menambah ketakutan dan stres. Sebenarnya kita tidak tahu apa yang akan terjadi selanjutnya, tapi bukan berarti kita semua tidak berdaya.;tips_pengobatan
Bagaimana cara menjaga hubungan sosial? Bagaimana jika saya merasa kesepian?;"Banyak orang sendirian sekarang, tapi kita tidak perlu kesepian. Kita semua bersama-sama.
Meskipun Anda mungkin secara fisik terpisah dari teman, anggota keluarga, dan orang-orang terkasih lainnya, menjaga hubungan sosial itu tidak pernah lebih penting. Koneksi sosial adalah kesempatan untuk mencari dan berbagi dukungan, berbicara melalui perasaan sulit, berbagi tawa, tetap up-to-date dengan orang yang dicintai, dan saling membantu mengatasi. Pandemi ini banyak yang harus dihadapi sendiri oleh satu orang. Sementara langkah-langkah seperti jarak fisik dan isolasi diri diperlukan untuk memperlambat penyebaran virus, pemisahan fisik dapat memperkuat banyak emosi yang menantang seperti kesepian dan ketakutan.
Pikirkan tentang berbagai cara untuk terhubung yang paling berarti bagi Anda. Misalnya, Anda mungkin lebih suka obrolan video daripada panggilan telepon, atau Anda mungkin lebih suka mengirim pesan teks sepanjang hari daripada satu waktu yang ditentukan untuk panggilan video. Kemudian, bekerjalah dengan jejaring sosial Anda untuk membuat rencana. Anda dapat melakukan obrolan video dengan teman dekat Anda di malam hari dan menelepon anggota keluarga seminggu sekali.
Ingatlah untuk memperhatikan orang-orang yang mungkin tidak online. Check in melalui telepon dan tanyakan bagaimana Anda dapat membantu.
Kualitas koneksi sosial Anda penting. Menggulir media sosial tanpa berpikir dan menyukai beberapa posting biasanya tidak membangun koneksi sosial yang kuat. Pastikan Anda fokus pada strategi yang benar-benar membuat Anda merasa disertakan dan terhubung. Jika strategi Anda saat ini tidak membantu Anda merasa terhubung, pecahkan masalah untuk melihat apakah Anda dapat menemukan solusi.
Setiap orang terkadang merasa kesepian, mungkin Anda baru saja pindah ke kota baru, berganti lingkaran pertemanan, kehilangan seseorang yang penting dalam hidup Anda, atau kehilangan pekerjaan dan juga kehilangan koneksi sosial yang penting dengan rekan kerja. Orang lain mungkin memiliki hubungan fisik dengan orang lain tetapi mungkin merasa kebutuhan emosional atau sosial mereka tidak terpenuhi. Tindakan seperti jarak sosial atau isolasi diri dapat membuat kesepian terasa lebih buruk tidak peduli mengapa Anda merasa kesepian sekarang.
Jangkau koneksi yang Anda miliki. Sarankan cara untuk tetap berhubungan dan lihat apakah Anda dapat mengatur waktu reguler untuk terhubung. Orang mungkin ragu untuk menghubungi karena berbagai alasan, jadi jangan takut untuk menjadi orang yang bertanya.
Cari kelompok pendukung komunitas lokal dan kelompok bantuan timbal balik di media sosial. Pandemi ini menyatukan semua orang, jadi carilah peluang untuk membuat koneksi baru. Kelompok-kelompok ini adalah cara yang bagus untuk berbagi keterampilan dan kemampuan Anda atau mencari bantuan dan dukungan.
Cari kelompok pendukung khusus. Grup pendukung bergerak online, dan ada banyak saluran dukungan yang berbeda untuk dihubungi jika Anda perlu berbicara dengan seseorang.
Jika Anda membutuhkan dukungan ekstra, Anda dapat berbicara dengan psikolog atau konselor secara gratis";langkah_langkah
Bagaimana saya bisa menjaga kesehatan fisik saya?;"Menjaga kesehatan fisik Anda juga baik untuk kesehatan mental Anda. Lebih penting dari sebelumnya untuk menjaga diri Anda tetap sehat. Cobalah untuk makan sebaik mungkin. Mungkin lebih mudah untuk meraih makanan dan camilan nyaman yang tidak sehat saat Anda menghabiskan lebih banyak waktu di rumah, tetapi cobalah untuk tetap menggunakan pendekatan yang seimbang. Saat Anda membeli bahan makanan, jangan abaikan buah dan sayuran segar. Sekarang kita disarankan untuk membatasi jumlah waktu yang kita habiskan di tempat umum seperti toko kelontong, ini adalah waktu yang tepat untuk mencoba buah dan sayuran baru yang disimpan di rumah untuk jangka waktu yang lebih lama.
Jika lebih aman bagi Anda untuk tinggal di rumah atau berada dalam isolasi diri, hubungi bantuan. Banyak toko kelontong dan layanan persiapan makanan menawarkan pengiriman tanpa kontak yang aman. Anda juga dapat meminta keluarga atau teman untuk membawakan Anda bahan makanan, atau mencari grup pendukung COVID-19 lokal di media sosial. Paling aman jika orang lain meninggalkan makanan dan persediaan lain di luar pintu Anda untuk menghindari penyebaran virus.
Olahraga adalah bagian penting dari kesehatan mental dan kesejahteraan, manajemen stres, dan kesehatan tidur. Namun, itu adalah sesuatu yang banyak orang menyerah ketika mereka mulai merasa stres atau kewalahan.
Jika aman bagi Anda untuk melakukannya, habiskan waktu di luar. Anda tetap harus menghindari area atau kelompok yang sibuk dan menjaga jarak setidaknya dua meter dari yang lain, tetapi tidak ada alasan untuk menghindari berjalan, berlari, atau aktivitas luar ruangan yang aman lainnya.";langkah_langkah
Bagaimana saya bisa menggunakan distraksi untuk mengelola pikiran atau perasaan yang sulit?;"Distraksi adalah alat yang sangat valid untuk membantu Anda mengatasi ketika segala sesuatu terasa berlebihan atau ketika Anda merasa kesepian atau terisolasi.
Jika Anda tidak memiliki banyak energi atau fokus saat ini, cobalah gangguan ringan seperti menonton TV, browsing Youtube, mendengarkan podcast atau buku audio, bermain game di ponsel Anda, membaca buku atau majalah yang mudah, atau bekerja pada proyek seni sederhana.
Jika Anda memiliki lebih banyak energi dan fokus, berikan diri Anda daftar tugas setiap hari: Anda dapat membersihkan dan mengurus proyek di sekitar rumah Anda, mengerjakan hobi, terhubung dengan keluarga atau teman, membaca buku baru, dan mengejar favorit Anda. Acara TV. Anda dapat menemukan peluang menarik untuk mengambil kursus online dari universitas di seluruh dunia melalui MOOCs dan platform pembelajaran online lainnya, Anda dapat mempelajari bahasa baru secara online atau melalui aplikasi, dan Anda dapat mempelajari hobi dan aktivitas baru. Karena semakin banyak orang harus mempraktikkan jarak sosial atau isolasi diri, orang-orang menemukan cara kreatif untuk membawa dunia ke rumah mereka: Anda dapat mengunjungi museum dan galeri seni, Skype dengan seorang ilmuwan, menonton hewan di kebun binatang dan cagar alam, dan banyak lagi.
Ketika jadwal normal terganggu, mudah untuk jatuh ke dalam kebiasaan yang tidak membantu. Cari cara untuk menjaga diri Anda tetap pada jalur dengan kebiasaan yang lebih sehat. Anda dapat menetapkan tujuan setiap hari atau mengubah aktivitas menjadi kompetisi yang menyenangkan bersama teman atau keluarga, siapa pun yang paling banyak mengambil kelas bahasa akan menang!
Banyak komunitas menggunakan platform media sosial seperti Facebook untuk mengatur dukungan dan bantuan untuk tetangga. Jika Anda sehat dan aman untuk melakukannya, Anda dapat mendaftar untuk mengajak anjing jalan-jalan, mengambil bahan makanan dan perlengkapan rumah tangga, dan membantu orang lain yang tidak bisa keluar saat ini. Ini bisa menjadi cara yang bagus untuk membuat koneksi baru di daerah Anda, dan membantu orang lain baik untuk kesehatan mental Anda sendiri. Pastikan untuk mengikuti praktik kebersihan yang baik dan menjaga jarak fisik, kesehatan Anda sendiri adalah penting.";langkah_langkah
Bagaimana saya bisa membingkai ulang situasi dan menemukan perspektif yang lebih seimbang?;"Bagaimana Anda berpikir tentang sesuatu memengaruhi perasaan dan perilaku Anda.
Ketika kita merasa stres, marah, atau takut, sulit untuk melihat situasi secara realistis dan melihat semua pilihan yang kita miliki. (Ingat: kita semua mengendalikan tindakan dan reaksi kita sendiri, apa pun yang terjadi di dunia. Kita dapat melakukan sesuatu tentang pandemi ini.
Orang-orang sering melebih-lebihkan bagian negatif-perasaan mereka sendiri, kemampuan mereka sendiri untuk mengelola situasi yang sulit, atau situasi itu sendiri-dan meremehkan bagian-bagian positif-kemampuan mereka sendiri untuk merawat diri sendiri dan orang yang dicintai, jaringan dukungan mereka, dan peluang .
Bagaimana perasaan Anda tentang ""Kita tidak akan pernah berhasil melewati ini? Sepertinya tidak enak”dan itu bahkan tidak benar.
Pikiran negatif dan tidak membantu yang menantang dapat meningkatkan suasana hati Anda, memvalidasi kemampuan Anda untuk melewati ini, dan membantu Anda melihat opsi atau peluang baru untuk tetap sehat.
Berhenti dan perhatikan pikiran yang muncul. Bagaimana perasaan mereka? Apakah pemikiran Anda tampak realistis jika Anda melihat situasi secara lebih objektif? Bagaimana Anda dapat membingkai ulang pemikiran untuk membuatnya lebih produktif atau penuh harapan? Dapatkah Anda menemukan aspek positif atau memikirkan cara baru untuk mendekati situasi?
Berikut adalah beberapa contoh:
""Saya sangat marah karena acara saya dibatalkan! Ini menyebalkan!""
""Saya tahu ini adalah pilihan yang lebih aman untuk semua orang. Ketika dijadwal ulang, saya akan lebih menikmatinya karena saya tidak perlu khawatir akan sakit atau menyebarkan penyakit.""
""Aku benci menghabiskan begitu banyak waktu di rumah. Ini sangat membosankan.""
""Saya melakukan bagian saya untuk menjaga tetangga saya aman. Itu sangat berharga karena membuat orang tetap sehat.""
""Saya mengalami kesulitan untuk membiasakan diri dengan jadwal baru saya. Ini sangat membuat frustrasi.""
""Saya akan segera terbiasa dengan ini, sama seperti saya beradaptasi terakhir kali saya harus mengubah jadwal saya. Sekarang saya lebih banyak di rumah, saya akan memiliki lebih banyak waktu untuk menyelesaikan proyek yang belum pernah saya sentuh selama berbulan-bulan dan saya senang melihat hasil akhirnya.""
""Saya benar-benar takut dan saya tidak tahu harus berbuat apa. Aku merasa sangat terbebani sekarang.""
""Masuk akal jika saya merasa takut, orang-orang jatuh sakit dan kami tidak tahu kapan keadaan akan kembali normal. Tapi ada banyak hal yang bisa saya lakukan untuk tetap sehat, dan saya akan melakukan penelitian agar saya bisa melakukan yang terbaik. Ketika saya fokus pada hal-hal yang bisa saya lakukan, semuanya terasa lebih mudah diatur.""
""Kita akan terjebak di dalam selamanya. Aku sudah muak dengan ini.""
""Saya mengerti bahwa perlu waktu untuk mengelola COVID-19, dan saya percaya bahwa para profesional dan ilmuwan perawatan kesehatan bekerja secepat mungkin. Saya tahu ini akan berakhir pada akhirnya dan kehidupan akan kembali normal.""
Tujuannya bukan untuk mengabaikan bagian situasi yang buruk atau tidak nyaman atau menyangkal bahwa ada masalah. Sebaliknya, latihan ini dapat membantu Anda memahami situasi secara lebih realistis dan melihat bagian-bagian yang dapat Anda kendalikan saat ini.";langkah_langkah
Bagaimana saya bisa menghadapi thinking traps?;"Apa yang Anda katakan pada diri sendiri tentang suatu situasi memengaruhi perasaan Anda dan apa yang Anda lakukan. Terkadang interpretasi Anda tentang suatu situasi dapat terdistorsi dan Anda hanya fokus pada aspek negatif, ini normal dan diharapkan. Namun, ketika Anda menafsirkan situasi terlalu negatif, Anda mungkin merasa lebih buruk. Anda juga cenderung merespons situasi dengan cara yang tidak membantu dalam jangka panjang. Tanyakan pada diri Anda pertanyaan-pertanyaan berikut ketika sesuatu yang menjengkelkan terjadi:
Apa situasinya? Apa yang sebenarnya terjadi? Hanya sertakan fakta yang akan disetujui semua orang.
Apa yang Anda pikirkan? Apa yang kamu katakan pada dirimu sendiri?
Apa emosi Anda? Bagaimana perasaanmu?
Apa perilaku Anda? Bagaimana reaksimu? Apa yang Anda lakukan untuk mengatasinya?
Lihatlah pemikiran yang telah Anda daftarkan. Apakah Anda menggunakan salah satu perangkap berpikir dan jatuh ke dalam pola berpikir yang menyimpang? Adalah umum untuk jatuh ke dalam lebih dari satu perangkap pemikiran. Kembali ke daftar perangkap berpikir dan identifikasi mana yang berlaku untuk Anda dan situasi Anda saat ini.
Pikiran dan asumsi otomatis ini kadang-kadang disebut perangkap berpikir. Setiap orang jatuh ke dalam perangkap pemikiran yang tidak seimbang dari waktu ke waktu. Kemungkinan besar Anda akan mendistorsi interpretasi Anda tentang berbagai hal ketika Anda sudah merasa sedih, marah, cemas, tertekan, atau stres. Anda juga lebih rentan terhadap perangkap pemikiran saat Anda tidak merawat diri dengan baik, seperti saat Anda tidak makan atau tidur nyenyak.";langkah_langkah
Bagaimana saya bisa mengelola kesedihan?;"Sementara banyak orang berpikir tentang kesedihan dalam hal kehilangan seseorang atau hewan peliharaan, kesedihan dapat muncul setiap kali Anda kehilangan sesuatu yang penting. Ini termasuk:
Kehilangan keamanan, seperti kehilangan pekerjaan atau bertanya-tanya berapa lama Anda bisa membayar sewa
Kehilangan stabilitas atau rutinitas, seperti menemukan diri Anda bekerja dari rumah atau menavigasi penutupan penitipan anak
Kehilangan rasa aman Anda, seperti takut pada Anda atau seseorang yang Anda cintai mungkin berakhir dengan COVID-19
Kehilangan hubungan sosial Anda, seperti kehilangan waktu bersama keluarga dan teman sekarang karena semua orang harus mempraktikkan jarak fisik atau isolasi diri
Kehilangan harapan untuk masa depan, seperti merasa hidup tidak akan pernah kembali normal
Kehilangan tujuan penting, seperti menemukan kelas, kompetisi olahraga, atau pertunjukan Anda dibatalkan untuk masa mendatang
Kehilangan perayaan tonggak penting seperti upacara kelulusan dan pernikahan
Kesedihan memunculkan perasaan yang rumit. Anda mungkin merasa sedih, marah, frustrasi, takut, atau putus asa. Anda mungkin mengalami kesulitan makan atau tidur, atau merasa sangat tegang. Anda mungkin merasa kewalahan dan lelah. Anda mungkin bertanya-tanya apakah hidup akan terasa normal kembali.
Setiap orang berduka dengan cara dan waktunya masing-masing. Berikut adalah beberapa strategi untuk dicoba saat Anda menavigasi perjalanan Anda sendiri.
Akui dan ungkapkan perasaan Anda dengan cara yang sehat. Beri nama perasaan Anda dan temukan cara yang sehat untuk mengekspresikannya, seperti berbicara dengan teman, menulis di jurnal, atau membuat karya seni.
Beri diri Anda waktu sebanyak yang Anda butuhkan. Kesedihan mengikuti jadwalnya sendiri. Beri diri Anda izin untuk menggunakan waktu ini untuk menjaga kesehatan Anda. Lepaskan harapan, tugas, atau kewajiban lain yang bisa menunggu.
Mencari dukungan. Kesedihan bisa terasa sangat menyendiri, meskipun banyak orang mengalami semacam kehilangan saat ini. Jangkau teman atau keluarga dan bagikan perasaan Anda. Cari cara untuk membantu dan mendukung satu sama lain.
Jaga dirimu. Mengabaikan kesehatan dan kesejahteraan dapat membuat pengalaman sulit terasa lebih buruk. Makanlah sebaik mungkin, usahakan tidur yang cukup, habiskan waktu di luar jika aman bagi Anda untuk melakukannya, dan olahraga secara teratur. Pikirkan tentang aktivitas atau strategi perawatan diri yang telah membantu Anda mengatasi situasi yang menantang di masa lalu dan luangkan waktu untuk aktivitas tersebut.
Ketahuilah bahwa perasaan sedih akan berlalu. Kesedihan terkadang terasa intens, tetapi perasaan itu akan menjadi lebih mudah dikelola dari waktu ke waktu dan pada akhirnya akan berlalu.
Terhubung dengan profesional kesehatan mental jika Anda mengalami kesulitan. Jika Anda mengalami kesulitan menjalani hari, mengatasi dengan cara yang tidak sehat, atau kesulitan mengelola pikiran atau perasaan yang sulit, ada baiknya mencari bantuan dari seorang profesional seperti psikolog atau konselor.";langkah_langkah
Bagaimana saya bisa menemukan dokter, psikiater, psikolog, atau konselor?;Anda dapat mengunjungi website rumah sakit setempat untuk melihat daftar dokter, psikiater, psikolog, atau konselor yang diinginkan, lalu mendaftarkan diri dan membuat janji dengan dokter, psikiater, psikolog, atau konselor tersebut.;profesional_yang_benar
Bagaimana saya bisa menemui psikiater?;"Dalam beberapa kasus, Anda mungkin dapat ""merujuk sendiri"" atau membuat janji sendiri dengan program kesehatan mental, tetapi itu mungkin tidak memberi Anda akses ke psikiater. Hubungi pusat kesehatan mental setempat untuk melihat apa yang tersedia di daerah Anda, atau Anda bisa membuka website rumah sakit yang dituju untuk mengecek apakah ada praktek psikiater di sana.";profesional_yang_benar
Bagaimana saya bisa menemui psikolog?;Anda bisa membuka website rumah sakit yang ingin dituju. Cek apakah ada praktek psikolog di sana. Kemudian pilih psikolog yang diinginkan lalu cek jadwal prakteknya. Layanan psikolog biasanya cukup lama per pasiennya, maka dari itu, penting sekali untuk membuat janji melalui website atau telepon langsung ke rumah sakit tersebut. Jika tidak mendaftar, bisa jadi Anda tidak akan dilayani. Setelah itu, tunggu hari pertemuan dan ikuti bimbingan psikolog tersebut. Jangan lupa siapkan catatan tentang emosi dan pikiran Anda dan berusahalah sejujur mungkin pada psikolog Anda.;profesional_yang_benar
Bagaimana saya bisa menemui konselor?;Langkah-langkahnya kurang lebih sama seperti menemui psikolog. Anda bisa membuka website rumah sakit yang ingin dituju. Cek apakah ada praktek konselor di sana. Kemudian pilih konselor yang diinginkan lalu cek jadwal prakteknya. Layanan konselor biasanya cukup lama per pasiennya, maka dari itu, penting sekali untuk membuat janji melalui website atau telepon langsung ke rumah sakit tersebut. Jika tidak mendaftar, bisa jadi Anda tidak akan dilayani. Setelah itu, tunggu hari pertemuan dan ikuti bimbingan konselor tersebut. Jangan lupa siapkan catatan tentang emosi dan pikiran Anda dan berusahalah sejujur mungkin pada konselor Anda.;profesional_yang_benar
Bagaimana saya bisa menemukan kelompok dukungan?;Kelompok dukungan adalah cara bagi orang-orang dengan pengalaman yang sama untuk saling membantu dan belajar dari satu sama lain. Ada kelompok dukungan untuk orang dengan pengalaman penyakit mental, kelompok dukungan untuk orang dengan diagnosis tertentu, kelompok dukungan untuk anggota keluarga dan teman, dan lainnya. Kelompok dukungan dapat ditawarkan oleh organisasi masyarakat, penyedia layanan kesehatan mental, sekolah, kampus, dan lembaga pendukung.;cari_bantuan
Di mana saya dapat menemukan layanan kesehatan mental anak dan remaja?;"Untuk mencari bantuan bagi seorang anak atau remaja, Anda dapat:
Mendorong anak Anda untuk berbicara dengan guru atau konselor sekolah
Bicara dengan dokter keluarga atau dokter anak Anda, atau pergi ke klinik
Hubungi kantor Kesehatan Mental Anak & Remaja setempat pada salah satu hari kunjungan mereka
Kunjungi berbagai sumber informasi terpercaya tentang kesehatan mental anak dan remaja";cari_bantuan
Saya ingin bunuh diri;"Kamu mungkin saat ini merasa depresi, lelah, putus asa, dan merasa sakit yang luar biasa. Kamu mungkin telah berharap untuk mati, atau berpikir bahwa teman dan keluarga kamu menjadi lebih baik jika kamu tiada. Kadang kamu memikirkan bahwa situasi ini tidak akan pernah membaik.
Kamu mungkin merasa sangat sendirian saat ini, namun penting untuk ditekankan bahwa banyak orang lain pernah berada dalam situasi atau perasaan seperti kamu saat ini. Orang lain juga pernah memikirkan bunuh diri, sama seperti kamu juga. Betapa buruknya situasi kamu saat ini, kamu tidak sendirian. Selalu ada bantuan dan pertolongan untukmu.";penyebab
Saya ingin menolong orang lain yang ingin bunuh diri;Terkadang seseorang merasakan rasa sakit yang terlampau luar biasa sehingga berpikir untuk mengakhiri hidupnya. Apabila kamu melihat atau mengetahui orang terdekat yang memiliki pemikiran atau ingin melakukan bunuh diri, jangan diam. Segera tanyakan dan tawarkan bantuan kepada mereka.? Setiap nyawa adalah berharga. Bunuh diri dapat dicegah dengan kerjasama dari semua pihak, termasuk kamu. Jika seseorang berada dalam kondisi berbahaya yang mengancam keselamatan nyawa, segera telepon nomor layanan darurat 119 atau menuju ke IGD di RS terdekat. Jangan menunggu.;cari_bantuan
Saya berduka karena kehilangan orang terkasih yang bunuh diri;"Jika kamu baru-baru ini mengetahui bahwa seseorang yang kamu sayangi telah mengakhiri hidupnya sendiri, kamu mungkin akan merasa terkejut dan bertanya-tanya bagaimana ini bisa terjadi. Tidak hanya mengalami rasa duka yang mendalam, kamu pun juga akan mendapat banyak pertanyaan dari orang-orang di sekitarmu, ditambah dengan proses untuk menyemayamkan dan memakamkan orang yang kamu kasihi. Semua ini tidak hanya melelahkan secara emosional dan psikologis, namun juga fisik kamu.
Penting bagi dirimu untuk mengetahui bahwa ada akan selalu ada orang yang mencoba memahami apa yang sedang kamu alami saat ini dan bahwa kamu tidak perlu melalui semua hal ini sendirian. Selengkapnya kamu dapat membaca tautan berikut: https://www.intothelightid.org/tentang-bunuh-diri/saya-berduka-karena-kehilangan-orang-terkasih-yang-bunuh-diri/";penyembuhan
Bagaimana cara menjaga kesehatan mental dalam masa pandemi COVID-19?;Kamu dapat mencoba mengakses layanan konseling online gratis khusus untuk COVID-19, khususnya yang disediakan oleh PDSKJI dan HIMPSI. Kamu juga dapat menanyakan kepada psikolog, psikiater, atau biro psikologi terdekat dari tempat tinggal kamu, apakah mereka menyediakan layanan konseling secara online atau tidak. Jika kamu saat ini belum membutuhkan layanan profesional, kamu juga bisa menggunakan layanan konseling sebaya untuk menemukan teman curhat, atau mencari komunitas dan support group di sekitar kamu sebagai sumber untuk mencari jejaring orang-orang yang memiliki kepedulian dan perhatian dengan kesehatan jiwa yang sama dengan kamu. Kamu juga dapat membatasi konsumsi berita atau media sosial jika kamu merasa cemas, stres, atau kelelahan, melakukan latihan yang membantu membuatmu merasa lebih tenang, seperti mindfulness, meditasi, atau yoga, memanfaatkan waktu di rumah untuk merawat diri (self-care) dan menjaga kesehatan fisik, tetap terhubung dengan teman, keluarga, dan orang terkasih melalui telepon, pesan, atau media sosial, serta membekali diri dengan informasi yang penting, termasuk mengenai layanan kesehatan mental di sekitar kamu.;tips_pengobatan
Apakah normal jika saya merasa cemas, panik, atau stres?;Pahami bahwa wajar bagi setiap orang, termasuk kamu merasa cemas, panik, stres, kelelahan, ketakutan, atau kesedihan dalam masa krisis. Menghubungi atau menceritakan masalahmu kepada seseorang yang kamu percaya, seperti teman, keluarga, atau pasangan, mungkin dapat membantu kamu.;definisi
Saya mengalami perubahan pola tidur akibat berada di rumah. Apa yang bisa saya lakukan?;"Disiplinkan diri untuk menyesuaikan rutinitas harian agar tetap normal, sekalipun berada di rumah.
Jangan bekerja, makan, atau melakukan aktivitas lain di atas ranjang.
Di siang hari, beraktivitaslah dengan cahaya alami yang cukup. Di malam hari, tidurlah dengan pencahayaan seminimum mungkin.
Hindari bermain ponsel sebelum tidur.
Batasi konsumsi berita dan media sosial. Hentikan jika merasa cemas.
Lakukan olahraga ringan selama 15-30 menit setiap hari.
Lakukan teknik relaksasi secara rutin, seperti yoga, meditasi mindfulness, mendengarkan musik yang menenangkan, dan sebagainya.
Atur pola makan yang sehat.";tips_pengobatan
Apa saja tanda-tanda peringatan bunuh diri?;Kebanyakan orang yang memiliki pemikiran atau merencanakan bunuh diri, menunjukkan tanda-tanda peringatan bunuh diri, melalui apa yang mereka katakan atau lakukan. Setiap orang dapat menunjukkan tanda peringatan yang berbeda-beda. Beberapa orang menunjukkan ciri-ciri yang sangat jelas, seperti langsung mengatakan “saya mau bunuh diri”. Namun, beberapa orang lainnya mungkin hanya menunjukkan serangkaian tanda peringatan yang tidak dapat dikenali langsung, sehingga lebih sulit untuk dapat dideteksi. Delapan tanda umum peringatan bunuh diri yaitu membicarakan keinginan bunuh diri, membenci dan menghujat diri sendiri, mencari cara mematikan untuk bunuh diri, mengatur segala hal untuk ditinggalkan, mengucapkan perpisahan, menarik diri dari orang lain, perilaku merusak diri sendiri, serta perubahan fisik dan mood yang drastis.;definisi
Bagaimana jika mereka mengatakan bahwa mereka tidak ingin bunuh diri?;"Setiap orang memiliki batasan yang berbeda masing-masing dan tidak dapat dibanding-bandingkan. Akan tetapi, beberapa orang mungkin tidak mau mengaku bahwa mereka ingin bunuh diri, karena malu, stigma, atau tidak ingin merepotkan orang lain. Saran kami, tetaplah berikan dukungan kepada mereka dan percayalah dengan insting kamu. Tetap awasi perilakunya, dan ajaklah orang-orang di sekitarnya untuk turut mengawasi dan memberikan dukungan kepada mereka. Tanyakan kembali jika kamu menemukan tanda peringatan baru setelahnya.
Orang-orang yang memiliki tanda-tanda peringatan bunuh diri, namun mengaku tidak merasa ingin bunuh diri, tetap perlu diperhatikan dengan serius karena ia masih berisiko untuk memikirkan bunuh diri ke depannya. Pastikan agar ia tetap mendapatkan support system yang baik dari orang-orang di lingkaran terdekat mereka.
Tidak hanya itu, jika kondisi mereka sehat, ajaklah mereka untuk mengenali apa yang memicu pikiran negatif, dan apa saja yang bisa mereka lakukan agar mereka dapat merasa lebih baik. Dengan demikian, kamu pun juga dapat menawarkan bantuan jika kamu tahu ia baru saja mengalami hal-hal yang tidak menyenangkan.";cari_bantuan
Bagaimana jika saya menemukan orang yang ingin bunuh diri di internet?;"Jika kamu bisa menjangkau mereka, jangan ragu untuk menghubungi mereka melalui balasan di status/cuitan mereka atau pesan pribadi. Tawarkan bantuan semampumu dan berikan tautan menuju informasi pertolongan pertama.
Carilah orang-orang yang mereka kenal dekat atau dapat menjangkau lebih dekat, dan ajak mereka untuk melakukan pendekatan dengan orang tersebut.
Cara lain yang dapat kamu lakukan adalah dengan fitur lapor di media sosial, terutama jika mereka menunjukkan bahwa mereka melukai diri sendiri atau menunjukkan alat/cara untuk bunuh diri. Kebanyakan media sosial akan memproses laporan dengan memberikan daftar kontak atau tautan yang mereka bisa akses sebagai pertolongan pertama.
Harap dicatat bahwa apapun bantuan atau upaya yang kamu kerahkan, kamu tidak dapat bertanggung jawab atas tindakan dan perilaku orang lain.";cari_bantuan
Apa yang harus saya lakukan jika seseorang memiliki salah satu atau beberapa tanda-tanda peringatan bunuh diri?;Jika orang terdekat kamu menunjukkan salah satu atau beberapa tanda-tanda peringatan bunuh diri di atas, jangan ragu untuk tanyakan dan tawarkan bantuan. Tunjukkan bahwa kamu khawatir dan peduli dengan kondisi mereka, dan ajaklah mereka untuk membicarakan dengan baik-baik.;langkah_langkah
Bagaimana jika mereka menolak bantuan saya?;Hargailah keputusan mereka. Kamu bisa mengatakan “Tidak apa-apa, tetapi jika kamu suatu saat membutuhkan bantuan, kamu bisa menghubungi aku kembali atau siapa saja yang kamu percaya.“;langkah_langkah
Bagaimana cara saya untuk dapat pulih dari kedukaan yang saya alami?;"Penting bagi diri kita untuk tidak memasang harapan yang terlalu tinggi atau bahkan memaksa diri kita sendiri untuk merasa lebih baik pada tahapan-tahapan awal dari kedukaan. Beberapa hal yang perlu kamu ingat:

Apapun alasan mengapa orang terkasih kamu bunuh diri, itu bukan salah kamu atau siapapun.
Tidak ada cara yang benar maupun salah di dalam menjalani proses kedukaan kita.
Tidak ada suatu “batasan” atau “jangka waktu” yang pasti mengenai proses kedukaan itu sendiri – biarkanlah proses yang kita rasakan mengalir saja.
Berikanlah dirimu dan orang lain waktu dan kesempatan untuk berduka.
Jangan takut untuk meminta bantuan kalau kamu merasa dirimu tidak dapat menghadapi proses berduka ini dengan baik.
Di dalam konteks keluarga atau suatu kelompok, rasa pedih dan sakit yang kita rasakan dapat membuat kita sulit menjalin komunikasi dengan orang lain sehingga pada akhirnya dapat timbul konflik. Tetaplah jalin komunikasi secara terbuka tetapi juga saling menghargai cara orang tersebut menghadapi duka mereka masing-masing. Jagalah kesehatan dirimu dan semua anggota keluarga terdekatmu juga.

Kebanyakan orang akan menyadari bahwa kehidupan tidak akan lagi sama. Duka akan mereda dan kamu akan mengalami suatu periode penuh energi dan harapan yang lebih panjang dan lebih baik dari sebelum-sebelumnya. Kenangan yang kamu miliki dengan mendiang akan menjadi tidak begitu menyakitkan seperti yang sebelumnya dan kamu akan menemukan cara dan makna yang baru dalam memandang mendiang sebagai bagian dari kehidupanmu.";langkah_langkah
Apa itu layanan konseling sebaya?;Layanan konseling sebaya (peer counseling) berbeda dengan layanan konseling ke psikolog atau profesional. Kamu akan berinteraksi dengan seorang pendamping yang sudah terlatih khusus untuk memahami kondisi kesehatan mental seseorang dan dapat mendengarkan keluh kesah kamu. Layanan ini dapat menjadi alternatif pilihan untuk mencari bantuan jika kamu sedang merasa membutuhkan konseling, teman curhat, atau sedang berjuang dengan sesuatu. Dengan layanan konseling sebaya, kamu bisa curhat atau bercerita dengan orang yang bisa mendengarkan masalah kamu tanpa harus merasa takut akan dihakimi.;definisi
Apa saja manfaat yang didapatkan dengan berada di dalam kelompok pendukung?;"Support group sangat bermanfaat agar kamu dapat menemukan jejaring kawan sebaya dan profesional yang dapat memahami kondisi kejiwaan kamu dengan lebih baik.
Dengan berpartisipasi dalam kopi darat atau sesi online dengan sesama anggota komunitas, kamu juga dapat menemukan teman-teman baru di dalam lingkaran support group yang kamu ikuti.
Kamu juga dapat mempelajari dan memperoleh informasi terbaru terkait dengan kesehatan mental dan/atau isu tertentu, serta saling berbagi pengetahuan dan beragam opini/sudut pandang yang beragam.
Support group menjadi jembatan untuk saling mendukung menuju pemulihan serta menjaga kondisi kesehatan mental satu sama lain.
Support group juga dapat menjadi sarana edukasi masyarakat dan orang-orang di sekitar kamu mengenai pentingnya kesehatan mental dan mendorong perubahan yang akan memutus diskriminasi dan stigma di masyarakat.";definisi
Saya sering merasa stres, menangis tanpa sebab, dan memiliki keinginan untuk menyakiti diri sendiri, apa benar saya mengalami depresi?;"Keluhan yang Anda sampaikan merupakan sejumlah pengalaman yang tidak menyenangkan, dan kami mengerti atas rasa tidak nyaman yang Anda alami. Hal ini dapat dipengaruhi oleh faktor stres, tekanan sosial lingkungan, pola asuh di keluarga, trauma masa kecil, gaya hidup, atau memang adanya kondisi psikiatris yang mendasari, seperti gangguan depresi, gangguan cemas, gangguan psikosomatis, dan lain sebagainya. Untuk menentukan apabila seseorang memiliki gangguan psikiatri seperti gangguan depresi, dibutuhkan evaluasi yang lengkap oleh dokter. Oleh karena itu, terlebih apabila Anda mengalami keluhan seperti ingin menyakiti diri sendiri atau memiliki pemikiran untuk bunuh diri, segera lakukan konsultasi ke psikiater, ya.Psikiater akan melakukan evaluasi lebih lanjut terkait dengan kondisi Anda dan memberikan terapi yang sesuai. Berikut anjuran yang dapat Anda lakukan, seperti:
Melakukan aktivitas yang membuat rileks, seperti yoga, meditasi, dan menulis buku harian.
Menjalani hobi yang Anda sukai.
Apabila muncul impuls untuk menyakiti diri sendiri, alihkan dengan kegiatan lain, seperti meremas kertas, atau segera hubungi sahabat atau kerabat terdekat.
Menjalani gaya hidup yang sehat.
Mengelola stres dengan baik.";tips_pengobatan
Bagaimana cara menghadapi situasi quarter-life crisis?;"Quarter life crisis merupakan kondisi di mana seseorang yang berusia 18-30 tahun merasakan hal-hal seperti tidak memiliki arah, khawatir, bingung, dan tertekan oleh banyak tuntutan terutama mengenai kehidupan di masa datang. Hal-hal yang sering dipikirkan mulai dari masalah percintaan, karier, kehidupan sosial, dan masalah finansial. Pada dasarnya, wajar bila seseorang mengalami quarter life crisis ini, sebagaimana pengalaman ini merupakan pengalaman yang dialami oleh banyak orang. Akan tetapi, kita juga perlu menyikapinya dengan bijak untuk mencegah terjadinya stres yang berlebihan. Berikut beberapa saran yang dapat Anda terapkan mengenai kiat untuk menguatkan mental di kala quarter life crisis ini, seperti: Menghindari membandingkan diri dengan orang lain.
Mengubah keraguan yang dimiliki menjadi sebuah tindakan.
Mencari orang-orang yang dapat mendukung dan menginspirasi Anda.
Mencintai diri sendiri.
Menjalani gaya hidup yang sehat dan mengelola stres dengan baik.
Namun, apabila Anda masih merasakan kesulitan dalam menghadapi hal ini, jangan ragu untuk berkonsultasi dengan tenaga profesional seperti psikolog, ya.Psikolog akan melakukan evaluasi lebih lanjut terkait dengan kondisi Anda dan memberikan bantuan yang sesuai, misalnya dengan konseling.";langkah_langkah
Stres karena selalu diancam dan dipukul oleh keluarga, pola pikir yang berubah, sering berhalusinasi;Sering merasa stres karena selalu diancam dan dipukul oleh keluarga, pola pikir yang berubah, sering berhalusinasi yang negatif merupakan pengalaman yang tidak menyenangkan dan kami mengerti atas rasa tidak nyaman yang Anda miliki. Kondisi ini dapat dipengaruhi oleh banyak faktor, seperti faktor genetik, trauma masa lalu, pola asuh di keluarga, pola hidup, dan adanya kondisi psikiatris yang mendasari, seperti gangguan depresi, gangguan psikosis, gangguan stres pasca trauma, dan sebagainya. Sebaiknya, periksakanlah diri Anda ke psikolog, ya, terutama apabila keluhan yang Anda sampaikan sudah sangat mengganggu Anda dalam beraktivitas sehari-hari dan mengganggu interaksi sosial Anda dengan orang lain. Psikolog akan melakukan evaluasi lebih lanjut terkait dengan kondisi Anda dan memberikan terapi yang sesuai, bisa dengan konseling, psikoterapi perilaku, maupun merujuk ke psikiater apabila dibutuhkan diagnosis dan pengobatan lebih lanjut.;tips_pengobatan
Saya memiliki kebiasaan berbicara sendiri dan merasa ada orang lain, apakah perilaku saya dapat menjadi sebuah gangguan mental? Apa yang harus saya lakukan?;"Memiliki kebiasaan berbicara sendiri, merasa ada orang lain, dan adanya peristiwa orang lain merupakan kondisi yang dapat disebabkan oleh beberapa kemungkinan penyebab, seperti:
Deja vu.
Gangguan psikosis.
Maladaptive daydreaming.
Gangguan kepribadian.
Pada prinsipnya, apabila keluhan-keluhan yang Anda sampaikan ini sudah menyebabkan gangguan aktivitas sehari-hari secara signifikan termasuk mengganggu interaksi sosial Anda dengan orang lain, lakukanlah konsultasi ke tenaga profesional seperti psikolog. Psikolog akan melakukan evaluasi lebih lanjut terkait dengan kondisi Anda dan memberikan terapi yang sesuai, misalnya dengan konseling, psikoterapi perilaku, maupun merujuk ke psikiater apabila dibutuhkan penanganan yang lebih lanjut.";definisi
Berbicara dengan benda mati apakah termasuk ke dalam gangguan jiwa?;"Kesepian dapat dialami oleh siapapun. Merasa kesepian bahkan jauh dari lingkungan sosial dapat berdampak bagi kesehatan baik secara fisik maupun kesehatan mental. Jika hal ini terus menerus terjadi,orang yang terus menerus merasa kesepian lebih mudah merasa lelah, insecure, mengalami gangguan tidur, mengalami kecemasan yang berlebihan, hingga lebih berisiko jatuh ke dalam depresi. Menilik dari apa yang anda sampaikan, perlu diperjelas apakah kondisi anda berbicara dengan benda mati hanya pada 1 benda ataukah bermacam-macam benda.

Sudah berapa lama keluhan ini anda alami? Apakah kondisi anda berbicara dengan benda mati terus menerus dilakukan? Apakah anda menganggap benda mati tersebut sebagai suatu yang nyata seperti teman anda yang menyenangkan untuk diajak berbicara? Tentunya, saat ini kami tidak dapat memastikan kondisi anda secara pasti tanpa dilakukkannya pemeriksaan. Untuk dapat mengetahui kondisi anda saat ini, diperlukan pemeriksaan secara langsung. Terutama, jika keluhan anda saat ini menimbulkan gangguan aktivitas serta orang sekitar anda menganggap hal ini suatu yang tidak wajar.

Saat ini, sebaiknya sapat melakukan pemeriksaan dengan dokter spesialis psikiatri atau psikolog agar dapat diketahui penyebab kondisi anda saat ini serta dapat diberikan penanganan yang sesuai. Sementara itu, beberapa anjuran yang dapat anda lakukan seperti:

Hindari menyendiri terlalu lama
Melakukan beragam aktivitas dan hobi dapat mengobati rasa sepi yang anda alami
Cobalah melakukan kegiatan dimana kegiatan tersebut berbaur dengan banyak orang, seperti bakti sosial, sukarelawan
Anda juga dapat melakukan kumpul dengan keluarga anda
Tuliskan apa yang anda rasakan saat ini dalam sebuah buku catatan
Lakukan olahraga rutin
Menjalani pola hidup sehat
Mengelola stres dengan baik";definisi
Saya merasa cemas, lebih suka menyendiri, sedih dan takut saat malam hari setelah kecelakaan, apa yang terjadi pada saya?;"Mengalami kejadian yang tidak menyenangkan atau traumatik di masa lalu sedikit banyak akan mempengaruhi kondisi psikologis seseorang. Tidak jarang, hal ini juga dapat menyebabkan gangguan kesehatan mental. Beberapa penyebab keluhan Anda misalnya:

depresi
gangguan kecemasan
gangguan stres paska trauma
Apabila kondisi ini sudah berlangsung seama beberapa waktu, silakan Anda mencoba berkonsultasi dengan dokter spesialis jiwa/ psikiater terdekat. Dokter perlu bertanya lebih lanjut untuk memahami kondisi Anda sebelum dokter menentukan penanganan yang sesuai untuk Anda yang dapat berupa terapi psikologis (dapat dirujuk ke psikolog) dan/atau obat-obatan.
Untuk sementara, Anda dapat mencoba melakukan beberapa anjuran berikut ini:

coba bercerita dengan orang terdekat Anda
usahakan tetap istirahat cukup 7-9 jam setiap hari
tetap konsumsi makanan yang bergizi seimbang
coba lakukan meditasi atau mandi air hangat sebelum tidur untuk menenangkan pikiran Anda
berolahraga teratur minimal 30 menit per hari, 3-5 hari per minggu untuk membantu menjaga suasana hati tetap baik
coba konsumsi parasetamol jika mengalami sakit kepala yang tidak tertahankan";penyebab
Saya sering bertengkar dengan suami, munculnya rasa ingin menyakiti diri sendiri, rasa bersalah pada anak, dan rasa khawatir apabila berpisah;"Sering bertengkar dengan suami, munculnya rasa ingin menyakiti diri sendiri, rasa bersalah pada anak, dan rasa khawatir apabila berpisah merupakan pengalaman yang tidak menyenangkan, dan kami mengerti atas rasa tidak nyaman yang Anda miliki. Hal ini tentu saja dapat berisiko mengganggu kesehatan mental Anda, memicu stres, dan juga memicu terjadinya gangguan psikologis seperti gangguan depresi, gangguan kecemasan, dan lain sebagainya.

Sebaiknya, apabila hal ini sudah sampai memicu keinginan untuk menyakiti diri sendiri (self-harm), lakukanlah konsultasi ke psikolog mengenai ini. Anda juga dapat melakukan konseling pasangan dengan psikolog untuk membantu mengevaluasi dan memperbaiki kondisi rumah tangga yang Anda miliki. Psikolog akan mengevaluasi kondisi Anda dan pasangan secara lebih lanjut dan memberikan tatalaksana yang sesuai, seperti konseling, psikoterapi perilaku, maupun merujuk ke psikiater apabila dibutuhkan penanganan lebih lanjut.

Semoga informasi ini dapat membantu dan semoga kondisi Anda berangsur membaik ya.";definisi
Bagaimana cara mengatasi rasa tidak percaya diri dan suka mengkritik orang lain akibat pengaruh orang tua?;"Terkait pertanyaan Anda mengenai toxic parents, perlu diketahui sebelumnya bahwa toxic parentsmerupakan tipe orang tua yang mengatur anak sesuai dengan kemauannya tanpa menghargai perasaan dan pendapat anak, dimana dapat membuat anak merasa terkekang dan ketakutan hingga membuat anak tumbuh menjadi seseorang yang sering menyalahkan diri sendiri dan memiliki rasa percaya diri yang rendah.

Untuk mengatasinya, Anda dapat menetapkan batasan antara diri sendiri dan orang tua seperti bersikap asertif yaitu tegas dan percaya diri dalam berkomunikasi tanpa memancing respon negatif dari lawan bicara. Anda dapat mengomunikasikan hal yang membuat Anda tidak nyaman kepada orang tua dengan penyampaian dan alasan yang baik agar orang tua dapat memahami diri Anda.

Selain itu, Anda dapat mengalihkan kritik yang sering diutarakan kepada Anda dengan pencapaian yang telah Anda lakukan selama ini untuk sekaligus meningkatkan kepercayaan diri Anda kepada orang tua.

Tidak baiknya hubungan keluarga memang sangat berdampak bagi orang sekitar, baik anak-anak maupun orang dewasa dapat terkena dampak dari hal tersebut. Saya turut mengerti dan berempati atas apa yang sudah Anda alami. Hal buruk yang terjadi di sekitar baik itu dulu maupun sekarang memang sulit untuk dilupakan, bahkan sering tidak dapat dilupakan. Hal yang perlu Anda lakukan adalah menerima apa yang telah terjadi. Perlu Anda ketahui bahwa Anda adalah sosok yang mandiri dan hebat, Anda layak untuk dicintai dan mencintai.

Saya menyarankan pada Anda untuk menenangkan diri dengan melakukan beberapa cara berikut ini:

Tarik napas dalam perlahan selama lima detik, tahan lima detik, keluarkan perlahan selama lima detik
Pusatkan pikiran pada aktivitas yang Anda jalani
Menerapkan metode 3-3-3
Hindari minuman berkafein dan beralkohol
Bercerita kepada orang yang dekat dan Anda percayai
Sediakan waktu untuk diri Anda sendiri, lakukan hal menyenangkan yang Anda sukai
Istirahat cukup, 7-8 jam per hari
Makan yang teratur dan bergizi, serta minum air mineral yang cukup
Apabila keluhan ini sudah lama Anda rasakan dan menggangu aktivitas Anda disarankan untuk segera ke dokter (psikiater) untuk menanyakan kondisi Anda. Nantinya dokter akan menanyakan kondisi Anda, riwayat tempat Anda bekerja atau beraktivitas, serta riwayat pola asuh Anda, dan jika perlu akan dilakukan pemeriksaan kapasitas mental guna mengetahui kondisi Anda saat ini.";langkah_langkah
Saya sering melempar barang, memukul tembok, hingga ingin menyayat diri dengan pisau dan terpikir untuk bunuh diri, apa yang terjadi pada saya?;"Melempar barang, memukul tembok, hingga ingin menyayat diri dengan pisau dan terpikir untuk bunuh diri sambil menangis berlebihan setiap marah atau kesal terhadap suatu hal, kerap menangis tanpa sebab yang jelas, dan cenderung pemalu serta sulit mengungkapkan isi hati pada orang lain kemungkinan menandakan Anda mengalami suatu gangguan kejiwaan, seperti gangguan stres pasca trauma, gangguan kepribadian ambang, depresi, gangguan kepribadian skizoid, gangguan bipolar, skizofrenia, dan sebagainya.

Kondisi seperti ini tidak bisa dibiarkan begitu saja. Salah-salah, kualitas hidup Anda akan jauh menurun dan fungsi diri Anda pun terganggu jika hal ini tidak ditangani.

Saran kami, periksalah langsung ke dokter atau psikiater terdekat supaya kondisi Anda ditangani dengan optimal. Sembari itu, lakukanlah juga:

Perbanyak mengingat Tuhan, rajinlah beribadah, jangan lupa bersyukur atas karunia Tuhan yang telah diberikan pada Anda
Jangan selalu berfokus pada hal-hal negatif, bersabar dan tawakkallah saat ditimpa ujian dalam hidup
Perluas pergaulan Anda, jangan sungkan meminta saran dari orang lain yang Anda rasa bijak jika ada masalah yang sulit Anda selesaikan seorang diri
Jalin hubungan baik dengan keluarga dan sahabat, jangan terlalu banyak mengurung diri atau meratapi nasib buruk
Isi hari-hari Anda dengan beragam aktifitas positif, bantu orang lain yang kesulitan agar Anda pun akan juga diperlakukan demikian saat mengalami kesulitan
Jalani gaya hidup sehat, jauhi alkohol, NAPZA, dan alkohol
Semoga membantu ya..";definisi
Bagaimana cara agar bisa menerima masa lalu pasangan dan tidak terbayang masa lalu?;"Memilih pasangan perlu dilakukan dengan sangat hati-hati. Sebab, hubungan yang langgeng dalam jangka panjang tidak bisa diawali dengan suatu kebohongan. Meski memang orang bisa saja berubah menjadi lebih baik, namun hal ini tidak mudah dilakukan oleh semua orang.

Pertanyaan kami, apakah usai kebohongannya terungkap pasangan Anda menunjukkan gelagat baik, seperti menyesal, berusaha tidak mengulangi kesalahan dan memperbaikinya? Di lubuk hati Anda yang terdalam, yakinkah Anda bahwa pasangan Anda bisa lebih baik dengan bersama Anda?

Sejatinya, cinta terbangun atas dasar kenyamanan dan kepercayaan. Jika usai kebohongan yang dilakukan tersebut Anda yakin pasangan Anda bisa dipercaya dan memperbaiki dirinya, maka Anda bisa mempertahankan hubungan tersebut. Adapun rasa ragu dan bayangan buruk akan masa lalu yang terus menghantui Anda bisa diatasi dengan:

Buang rasa dendam dan curiga, maafkan orang yang pernah mengecewakan Anda, bangun pikiran positif, percayalah bahwa orang baik akan memanen pula kebaikan dalam hidupnya
Berusaha untuk terus memperbaiki diri Anda, yakni dalam berpikir, bersikap, dan berperilaku, jangan hanya menuntut orang untuk berubah mengikuti kemauan Anda
Memperbaiki komunikasi dengan pasangan, belajar cara berkata yang santun dan tidak menghakimi atau menuduh
Habiskan waktu bersama menjalani beragam aktifitas positif, seperti dengan belajar, bekerja, mensupport bakat dan hobi masing-masing
Beri pasangan Anda ruang untuk mengeksplorasi minatnya sendiri, tunjukkan bahwa Anda bisa memberinya kepercayaan lagi asal ia mampu menjaganya, jangan selalu dikekang atau diawasi
Jika sudah yakin, tingkatkan komitmen Anda dan pasangan dalam ikatan yang lebih sakral, yakni pernikahan
Sebaliknya, jika kecurigaan dan keraguan Anda tidak lebih kecil dari rasa percaya Anda, atau jika pasangan Anda tampak tidak memiliki niat memperbaiki diri usai kebohongan yang dilakukannya tersebut, tentu tidak bijak juga jika Anda terus memaksakan mempertahankan hubungan tersebut. Di luaran sana, masih banyak orang baik yang lebih laik Anda perjuangkan. Bisa jadi, pasangan Anda berlaku demikian karena ada faktor tertentu yang membuatnya tidak yakin menjalani hubungannya bersama Anda. Jadi, diskusikan baik-baik langkah tepat ke depannya dengan pasangan Anda. Atau, bisa juga Anda meminta bantuan keluarga, dokter, dan orang lain yang Anda rasa bijak agar dicarikan solusi terbaik ya..";langkah_langkah
Saya merasakan perasaan sedih yang hebat, murung, lelah, dan kehilangan minat melakukan sesuatu;"Muncul perasaan sedih yang hebat, murung, lelah, dan kehilangan minat melakukan hal yang sebelumnya disukai, jika terjadinya hingga bertahun-tahun, memang bisa saja merupakan pertanda Anda mengalami depresi. Seringnya, depresi ini muncul karena gangguan keseimbangan senyawa kimia di otak, yang dipengaruhi oleh faktor genetik, biologis, psikis, gaya hidup, dan juga lingkungan. Tidak jarang, depresi sampai bisa membuat Anda terlintas keinginan untuk menyakiti bahkan membunuh diri sendiri atau orang lain di sekitar Anda.

Bukan hanya depresi, sesungguhnya perasaan yang Anda alami mungkin juga muncul akibat pencetus lain, seperti gangguan siklotimik, gangguan stres pasca trauma, gangguan bipolar, gangguan kepribadian ambang, dan sebagainya. Tentu, tanpa dilakukan pemeriksaan langsung, akan sulit bagi kami memastikan hal ini.

Saran kami, jangan Anda takut. Periksakanlah diri Anda langsung ke dokter, psikiater, atau psikolog terdekat sehingga kondisi Anda bisa dievaluasi lebih obyektif, lantas diberikan penanganannya yang tepat.

Sementara ini, yang bisa dilakukan yakni:

Dekatkan lagi diri Anda pada Tuhan YME, bergantung padanya dalam menjalani hidup, selalu patuhi perintah-Nya dan jauhi larangan-Nya
Rajinlah mengintrospeksi diri, jangan segan akui dan minta maaf jika ada kesalahan yang pernah Anda lakukan, bertekadlah yang kuat untuk memperbaiki dan tidak mengulangi lagi kesalahan tersebut
Jika ada masalah yang Anda alami, hadapi dengan sabar, ikhlas, dan jangan menyalahkan siapapun
Bergaul dengan lingkungan baik, yang mampu memberi Anda semangat berkembang menjadi pribadi yang lebih baik lagi
Sempatkan menghibur diri, misalnya dengan melampiaskan hobi, berlibur, berkumpul dengan orang tersayang
Fokuslah menggali dan mengembangkan potensi diri yang Anda miliki, terapkan pola hidup sehat di keseharian Anda
Jangan habiskan waktu terlalu banyak mengurung diri, melamun, dan meratapi nasib
Jauhkan diri Anda dari alkohol, NAPZA, dan rokok";tips_pengobatan
Saya cenderung acuh dan tidak mempedulikan orang lain, hingga kerap menyakiti diri, apa yang terjadi pada saya?;"Cenderung acuh dan tidak mempedulikan orang lain, kerap menyakiti diri saat sedang ditimpa masalah, hingga terpikir menyakiti orang lain yang membuat Anda kecewa tidak bisa dianggap wajar. Kemungkinan, jika keluhan Anda muncul sudah lama, maka pencetusnya adalah suatu gangguan kejiwaan, seperti gangguan stres pasca trauma, gangguan depresi, gangguan siklotimik, gangguan bipolar, gangguan kepribadian ambang, gangguan kepribadian skizoid, hingga skizofrenia.

Kondisi Anda tersebut sebaiknya tidak didiamkan begitu saja. Sebelum bertambah parah, Anda bisa periksa langsung ke dokter atau psikiater terdekat ya.. Tanpa saran dokter, kami sarankan Anda tidak sembarangan mengkonsumsi obat. Sembari itu, keluhan Anda bisa coba ditangani dulu dengan:

Jika ditimpa masalah, bersabarlah, berfokus mencari solusinya, jangan menyalahkan Tuhan atau siapapun, minta bantuan Tuhan dan orang yang Anda rasa bijak agar diarahkan dalam menyelesaikan masalah Anda
Meminta maaflah dan berusaha memperbaiki jika Anda pernah melakukan kesalahan tertentu pada orang lain, jangan lupa juga untuk memaafkan orang lain yang pernah mengecewakan Anda
Perdekat hubungan Anda dengan Tuhan YME, luruskan kembali tujuan hidup Anda yakni untuk meraih ridho-Nya dan menjadi pribadi yang bermanfaat bagi banyak orang
Paksakan diri Anda bergaul dengan banyak orang baik, libatkan diri Anda dalam berbagai organisasi, jangan menghabiskan waktu Anda untuk mengurung diri atau meratapi nasib
Sempatkan membuat diri Anda rileks dan bahagia, jangan terlalu rumit memikirkan masalah dalam hidup Anda
Terapkan pola hidup sehat, jauhkan diri Anda dari NAPZA, alkohol, dan seks bebas";definisi
Bagaimana cara menangani stres dan melampiaskan kemarahan terhadap anak?;"Menjadi seorang ibu bukanlah tugas yang mudah. Seorang ibu perlu benar-benar sehat mentalnya, sehingga bisa mengasuh anaknya dengan cara yang sehat pula. Salah-salah, stres yang ibu alami saat ada hal tertentu yang menekan mentalnya malah bisa membuatnya melampiaskannya ke anak yang tak berdosa.

Terkait kondisi Anda, apa yang Anda alami sebaiknya disadari potensi bahayanya sejak dini. Sebab, tidak hanya berisiko membuat anak Anda mengalami cidera, namun juga bisa mengganggu perkembangan mentalnya. Saran kami, Anda lakukanlah dulu:

Dekatkan lagi diri Anda pada Tuhan YME, ingat-ingat bahwa anak Anda merupakan salah satu karunia Tuhan yang terbesar sehingga wajib disyukuri dan dirawat dengan baik
Jalin komunikasi yang baik dengan suami Anda, selesaikan dengan baik jika ada masalah yang Anda berdua hadapi, saling mengalahlah demi kebaikan bersama, jangan selalu mengedepankan ego masing-masing, minta bantuan pada keluarga atau orang yang Anda rasa bijak untuk menyelesaikan masalah Anda berdua jika sulit menemui jalan tengah
Saat sedang stres menghadapi suami, sediakan waktu untuk menyendiri, titipkan dulu anak Anda pada kerabat yang bisa dipercaya, tenangkan diri Anda, jangan lupa introspeksi dan meminta maaf jika memiliki kesalahan tertentu
Jangan lupa membuat diri Anda rileks dan bahagia, misalnya dengan melampiaskan hobi Anda, berkumpul dengan orang-orang tersayang, tidur cukup, makan makanan sehat
Perbanyak luangkan waktu yang berkualitas dengan anak-anak, fokus amati perkembangannya, jangan lelah belajar terus cara mengeksplorasi bakat anak
Bekerja sama dengan suami dalam mengurus anak-anak Anda, jangan paksakan memikul semua beban pengurusan anak di pundak Anda sendiri
Disiplin menjalani gaya hidup sehat, jauhkan diri Anda dari alkohol, NAPZA, dan rokok agar bisa berpikir bijak
Lebih lanjut, jika Anda merasa kondisi Anda tetap belum membaik juga, jangan ragu periksa langsung ke dokter, psikiater, atau psikolog terdekat ya..";tips_pengobatan
Bagaimana ciri-ciri orang yang memiliki alter ego?;"Alter ego merupakan kondisi dimana seseorang memiliki kepribadian yang jauh berbeda dari diri sendirinya. Pada kondisi tertentu alter ego dapat mendominasi sehingga dapat menyebabkan kondisi yang tidak nyaman. Adanya alter ego dapat membuat seseorang yang berkepribadian sabar menjadi emosional ataupun karakteristik lainnya.

Beberapa ciri alter ego seperti memiliki sifat berbeda, emosi tidak stabil, memiliki gangguan personaliti, dan sebagainya. Alter ego dapat muncul pada gangguan mental yaitu dissociative identity disorder(DID).

Namun kondisi yang saat ini dirasakan seperti mendengar atau merasakan adanya orang lain di dalam tubuh serta mendengar suara di dalam tubuh tersebut juga dapat menjadi tanda dari delusi atau waham serta halusinasi. Untuk memastikan apakah kondisi yang terjadi merupakan sebuah gangguan misalnya DID ataupun akibat adanya gangguan mental tertentu, maka sebaiknya melakukan pemeriksaan pada psikiater. Dokter akan melakukan pemeriksaan dari wawancara keluhan secara lebih lanjut dan lebih dalam sehingga dapat ditentukan diagnosis dari keluhan yang dialami dan mendapatkan penanganan sesuai. Sementara itu sebaiknya saat ini hindari melamun, perbanyak aktivitas fisik, makan-makanan bergizi, istirahat cukup, dan sebagainya.";definisi
Bagaimana cara menangani saat mengalami trauma masa lalu?;"Keluhan yang dialami dapat disebabkan karena berbagai macam penyebab. peristiwa-peristiwa traumatis yang dialami pada masa lalu, tentu dapat menjadikan masalah masalah yang Anda alami saat ini selain itu faktor pola asuh, masalah dilingkungan sekolah dan cara mengatasi tentu dapat menyebabkan keluhan keluhan yang Anda alami.

keluhan yang Anda alami mungkin saja disebabkan oleh, gangguan kecemasan, gangguan kepribadian skizoid, dan gangguan depresi. Untuk dapat menentukan penyebab keluhan yang dialami secara tepat diperlukan wawancara pemeriksaan fisik dan juga pemeriksaan penunjang maka baikna segera berkonsultasi kepada dokter psikiatri. Hal yang dialami dapat diredahkan dengan:

berkeluh kesah kepadaorang terpercaya atau terdekat seperti kerabat dekat atau psikolog, psikiater
mengelola stres dan melakukan relaksasi
meningkatkan aktivitas fisik dan aktivitas sosial
membuat jadwal kegiatan sehari hari dan menjalankannya
hindari paparan asap rokok, alkohol dan obat-obatan terlarang
penuhi kebuthan nutrisi dengan makan makanan sehat dan bergizi seimbang
olahraga teratur 2-3x dalam seminggu
tidur cukup 6 hingga 8 jam
menekuni hobi dan mengembangkan bakat agar dapat meningkatkan kepercayaan diri
perlu dipahami meskipun hal yang telah dilakukan oleh orang tua Anda maka memang baiknya melakukan mediasi yang dibantu oleh pihak keluarga yang lainnya semoga membantu";langkah_langkah
Saya sering gagal fokus, suka melamun, dan mudah tersinggung, apa yang terjadi pada saya dan bagaimana cara mengatasinya?;"Sebelumnya untuk menegakan diagnosa memang harus dilakukan pemeriksaan lebih lanjut langsung ke dokter, dengan menemui dokter langsung akan dilakukan berbagai pemeriksaan seperti proses tanya jawab, pemeriksaan fisik hingga pemeriksaan tambahan jika diperlukan. dari gejala yang anda alami seperti gagal fokus, suka bengong, mudah tersinggung, merasa diri anda menjadi beban, tidak nafsu makan, hingga pusing kondisi ini bisa berkaitan dengan gangguan psikologis seperti gangguan mood seperti depresi, gangguan kecemasan, gangguan kejiwaan yang dipengaruhi oleh stres dan banyak hal penyebabnya.

saran saya jika kondisi ini sudah menganggu aktivitas anda sehari-hari hingga mengalami keluhan fisik seperti pusing, nafsu makan menurun hingga berat badan menurun, apalagi ada niat menyakiti diri maka segera temui dokter psikiater untuk mendapatkan pemeriksaan dan penangnan lebih lanjut. selain itu ada berapa hal yang bisa anda lakukan dirumah :

menceritakan atau berbagi cerita pada orang terdekat anda agar beban yang anda alami tersa lebih ringan
melakukan hal yang menyenangkan seperti menonton film komedia, menyanyi, olaharaga seperti berenang, bersepeda dan lainnya
melakukan relaksasi seperti meditasi atau yoga
hindari konsumsi obat sembarangan apalagi obat terlarang, alkohol
dekatkan diri dengan Tuhan
konsumsi makanan yang anda suka dengan porsi sedikit saja namun sering";tips_pengobatan
Saya sering berkhayal dan mengganggu pola tidur, bagaimana cara mengatasinya?;"Kondisi yang anda keluhkan saat ini bisa saja menandakan maladaptive daydreaming yang merupakan gangguan psikologis pada seseorang dengan intensitas khayalan yang dapat mengganggu kehidupan nyata atau aktivitas sehari-hari. Kondisi ini dapat dipicu oleh stres, kecemasan, kebosanan, kesepian, atau peristiwa traumatis yang pernah dialami sebelumnya.

Gejalanya meliputi gangguan tidur, sulit untuk berkonsentrasi, kenyamanan dalam melakukan berkhayal, gerakan berulang selama berkhayal seperti menyentakkan kaki, berekspresi seperti tersenyum atau menangis saat berkhayal, khayalan dapat dipicu oleh film atau musik tertentu, dan memiliki keinginan untuk berkhayal kuat.

Untuk mengatasinya anda dapat bercerita dengan orang terdekat yang dipercaya mengenai masalah yang sedang anda alami sehingga mendapatkan penerangan terkait solusinya, bersosialisasi baik dengan semua orang, bergabung dengan grup kegiatan positif sesuai hobi anda, atur pola tidur dan makan teratur, olahraga rutin, dan lakukan teknik relaksasi untuk mengatasi kecemasan atau stres.

Jika keluhan belum juga teratasi maka anda dapat berkonsultasi dengan psikolog untuk dilakukan psikoterapi untuk lebih mengidentifikasi kondisi anda dan diajarkan untuk mengatasinya. Jika terkendala waktu, maka anda dapat berkonsultasi secara chat online melalui aplikasi Alodokter.";langkah_langkah
Saya merasa hidup tidak berarti, sendirian, dan kesepian, apakah ini wajar?;"Ada beberapa kemungkinan penyebab perasaan Anda, antara lain:

Teman teman di sekitar Anda memiliki masalahnya sendiri, sehingga mereka tidak benar benar hadir untuk Anda. Adalah wajar untuk merasa kesepian di tengah keramaian semacam ini.
Hubungan yang kurang harmonis dengan orang tua. Umumnya orang tua mencintai anaknya dan ingin agar anak bahagia, meski orang tua juga memiliki masalahnya sendiri; orang tua ingin hadir dalam kehidupan anaknya dan mendampinginya. Masalahnya, remaja dan orang tuanya seringkali memiliki pola pikir, cara bicara, dan pandangan yang berbeda, sehingga remaja justru cenderung menghindari orangtuanya.
Belum mengetahui tujuan hidup, kurang motivasi, dan tidak melakukan aktivitas bermakna dalam hidup, sehingga Anda merasa hampa.
Adalah wajar merasa halpa dalam hidup, bila Anda belum mengetahui tujuan hidup Anda. Seperti orang yang melakukan perjalanan tanpa tujuan, ke manapun Anda melangkah tidak akan mengantarkan Anda ke tujuan, yang memang tidak ada. Kehidupan semacam ini tak ubahnya seperti hamster berlari lari di roda putar; Anda merasa lelah, namun masih berada di tempat yang sama.

Adalah wajar untuk merasa kesepian di tengah keramaian, bila teman teman di sekitar Anda tidak benar benar peduli akan Anda, dan Anda jauh dari orang yang benar benar peduli dan menyayangi Anda.

Berikut ini adalah beberapa hal yang dapat Anda lakukan untuk mengurangi perasaan yang tak tertahankan ini:

Temukan tujuan hidup Anda. Mengapa Tuhan menciptakan Anda. Apa makna hidup Anda di dunia. Setelah Anda menemukan tujuan hidup Anda, lakukan hal yang perlu Anda kerjakan untuk mencapai tujuan hidup tersebut. Itulah panggilan Tuhan.
Luangkan lebih banyak waktu dengan orang tua Anda. Orang tua yang normal tentu ingin terlibat dalam kehidupan anaknya dan ingin agar anaknya bahagia.
Berdoalah. Bahkan bila semua orang di dunia sibuk dengan masalahnya masing masing, Tuhan selalu ada untuk Anda, dan Dia hanya sejauh doa. Doa adalah komunikasi 2 arah dengan Tuhan, bukan hanya sekedar melafalkan hafalan yang tidak Anda pahami. Sampaikan apa yang Anda rasakan, dan luangkan waktu untuk mendengar suata Tuhan. Bacalah kitab suci dan pahami maknanya, temukan apa yang Tuhan ingin Anda lakukan dalam hidup.
Isi waktu luang dengan melakukan aktivitas bermakna, seperti belajar, membantu pekerjaan di rumah, mencari pekerjaan yang mengasilkan uang, melakukan pekerjaan sosial, berolahraga, dll.
Demikianlah penjelasan saya, semoga bermanfaat. Ingatlah bahwa perasaan hampa bukan berarti hidup Anda tidak bermakna; Anda belum mengetahui tujuan hidup Anda bukan berarti Tuhan menciptakan Anda tanpa tujuan.";definisi
Mengapa saya sering tiba-tiba merasa sedih tanpa ada masalah dan merasa bersalah?;"Adanya perasaan sedih terus-menerus dapat disebabkan baik merupakan luapan emosional biasa maupun dapat menandakan adanya gangguan mental apabila keluhan terjadi terus-menerus hingga mengganggu aktivitas maka perlu dilakukan pemeriksaan untuk mengetahui penyebab pasti dari keluhan apakah merupakan gangguan pada mental seperti depresi atau bipolar, atau karena penyebab lainnya.

Keluhan dapat disertai dengan gejala lain misalnya tidak mau makan, cenderung menyendiri, sedih terus-menerus, dan sebagainya. Untuk mengetahui keluhan yang dialami perlu dilakukan pemeriksaan lebih lanjut karena tidak dapat diketahui hanya dari penjelasan yang singkat. Sebaiknya memeriksa ke dokter agar diketahui keluhan yang dialami dan kemudian dapat diberikan penanganan. Saat ini sebaiknya istirahat cukup, makan-makanan bergizi, konsumsi cairan cukup, melakukan aktivitas fisik, melakukan hobi, dan sebagainya.";definisi
Saya kehilangan minat untuk beraktivitas, tidak semangat, stres, dan sulit tidur, bagaimana cara mengatasinya?;"Setiap individu pasti pernah mengalami rasa kehilangan minat dalam mengejarkan sesuatu, rasa kurang semangat, bosan, stres, jenuh yang bisa berdampak pada kualitas hidup / aktivitas hingga terjadinya keluhan fisik seperti sulit tidur, mimpi buruk, tubuh terasa lemas, mual, jantung berdebar debar, keringat dingin dan keluhan lainnya. Keluhan yang Anda alami kemungkinan bisa disebabkan oleh :

Gangguan tidur, dengan kualitas tidur yang tidak baik bisa menyebabkan seseorang menjadi lemas, cenderung mengantuk, mempengaruhi mood dan minat
Gangguan cemas
Stres
dan kemungkinan lainnya.
Bila keluhan yang Anda alami saat ini cukup mengganggu terutama saat beraktivitas, hubungan interaksi sosial menjadi terganggu, kualitas tidur yang semakin memburuk, adanya rasa ingin menyakiti diri sendiri, timbulnya keluhan keluhan fisik yang cukup mengganggu misalnya jantung berdebar debar, keringat dingin, mual muntah hebat, nyeri kepala, nyeri otot maka sebaiknya untuk segera ke rumah sakit terdekat. Hanya saja untuk saat ini, untuk mengetahu penyebab dari keluhan yang Anda alami membutuhkan pemeriksaan dokter secara langsung dan menyeluruh dimulai dari wawancara terkait dengan keluhan yang Anda alami, pemeriksaan fisik untuk menentukan penyebab, pemeriksaan penunjang dan juga tatalaksana yang sesuai dengan kondisi Anda.

Beberapa tips yang dapat dilakukan adalah :

Tumbuhkan motivasi Anda misalnya mulailah dahulu untuk mengerjakan pekerjaan yang Anda minati
Selalu berpikir positif bahwa segala permasalahan yang sedang terjadi akan ada jalan keluar
Mengikuti organisasi positif yang dapat mengembangkan bakat Anda atau minat ANda
Ciptakanlah suasana kamar tidur yang nyaman
Hindarilah merokok, konsumsi alkohol dan konsumsi cafein yang berlebihan
Berolahraga secara teratur.";tips_pengobatan
